OBJECTID,Field1,UN1,E,N,Ellps Height (m),Latitude,Longitude,gravity Geoid Height (m),UN
1,11C80681,-96.163,494312,709463,-52.543,8.89493,80.722,-94.9,1.263
2,11PL-326-048,-95.693,498362,615455,70.7925,8.04486,80.7589,-94.44,1.253
3,11PL-352-019,-96.083,478087,689265,25.44,8.71224,80.5746,-94.8,1.283
4,11PL-352-026,-95.988,480804,687176,18.789,8.69336,80.5993,-94.74,1.248
5,11PL-352-046,-95.879,488358,681447,12.765,8.64158,80.6679,-94.62,1.259
6,11PL-352-062,-96.215,495515,677547,29.232,8.60633,80.733,-94.54,1.675
7,11PL-352-075,-96.043,500811,674203,-10.374,8.57609,80.7811,-94.49,1.553
8,11PL-352-081,-96.049,503536,673260,-16.228,8.56757,80.8058,-94.47,1.579
9,11PL-352-086,-95.985,505377,672233,-25.503,8.55828,80.8226,-94.45,1.535
10,11PL-355-085,-95.716,510804,674031,-41.507,8.57453,80.8719,-94.39,1.326
11,11PL-355-091,-95.728,508013,672587,-33.231,8.56147,80.8465,-94.42,1.308
12,11SL-418-001,-96.557,461521,649810,-12.6395,8.35536,80.4244,-95.22,1.337
13,11SL-418-013,-96.442,464964,647409,-1.4576,8.33368,80.4556,-95.14,1.302
14,11SL-418-018,-96.399,466287,645563,0.3205,8.317,80.4677,-95.11,1.289
15,11SL-418-033,-96.343,469996,640460,11.9908,8.27088,80.5014,-95.03,1.313
16,11SL-418-039,-96.295,472078,637958,5.3935,8.24826,80.5203,-94.99,1.305
17,11SL-418-055,-96.286,472669,632099,20.2297,8.19529,80.5257,-94.96,1.326
18,11SL-418-060,-96.25,473465,629774,34.9431,8.17427,80.5329,-94.94,1.31
19,11SL-418-067,-96.217,474612,627264,32.6765,8.15158,80.5433,-94.9,1.317
20,11SL-418-086,-96.113,477472,622444,49.4694,8.10801,80.5693,-94.81,1.303
21,11SL-418-095,-96.089,478514,619093,51.4654,8.07771,80.5788,-94.77,1.319
22,11SL-418-114,-96.003,481294,612515,37.075,8.01824,80.604,-94.65,1.353
23,11SL-418-139,-95.857,483964,604844,51.1771,7.94888,80.6283,-94.52,1.337
24,11SL-418-154,-95.788,485436,600383,61.6198,7.90854,80.6416,-94.44,1.348
25,11SL-442-006,-96.216,490750,683289,4.311,8.65824,80.6897,-94.6,1.616
26,11SL-442-010,-96.158,492042,684585,-6.489,8.66997,80.7014,-94.6,1.558
27,11SL-442-016,-96.193,493877,686894,1.818,8.69085,80.7181,-94.59,1.603
28,11SL-442-024,-96.188,496460,689667,-15.859,8.71593,80.7416,-94.59,1.598
29,11SL-442-035,-96.177,500589,692473,-37.116,8.7413,80.7791,-94.58,1.597
30,11SL-442-046,-95.827,503002,697199,-37.053,8.78403,80.801,-94.62,1.207
31,11SL-442-051,-95.854,502889,699696,-34.189,8.80661,80.8,-94.65,1.204
32,11SL-442-057,-95.83,500988,701867,-38.329,8.82624,80.7827,-94.7,1.13
33,11SL-442-065,-95.99,500659,705498,-49.143,8.85908,80.7797,-94.77,1.22
34,11SL-442-071,-95.95,502894,706737,-50.746,8.87028,80.8,-94.78,1.17
35,11SL-442-079,-95.964,503592,709794,-59.874,8.89792,80.8064,-94.85,1.114
36,11SL-445-059,-96.024,500757,710821,-60.456,8.90721,80.7806,-94.89,1.134
37,11SL-451-003,-95.733,509467,668599,-37.186,8.52541,80.8597,-94.39,1.343
38,11SL-452-001,-95.7,512846,675174,-44.316,8.58486,80.8904,-94.36,1.34
39,11TL-128-004,-95.991,499714,704828,-51.18,8.85302,80.7711,-94.77,1.221
40,11TL-128-014,-96.015,500014,709573,-55.842,8.89592,80.7738,-94.86,1.155
41,12PL-330-010,-95.817,502447,613416,33.6369,8.02642,80.7959,-94.42,1.397
42,12PL-330-017,-95.747,505638,614175,17.2495,8.03328,80.8249,-94.42,1.327
43,12PL-330-040,-95.615,513137,617657,0.7762,8.06475,80.8929,-94.43,1.185
44,12PL-330-049,-95.669,514442,614351,-22.5579,8.03485,80.9048,-94.44,1.229
45,12PL-330-058,-95.687,515927,611041,-2.8276,8.00492,80.9182,-94.45,1.237
46,12PL-330-067,-95.691,518879,609733,-28.243,7.99308,80.945,-94.47,1.221
47,12PL-330-080,-95.722,523477,606072,-35.4077,7.95996,80.9867,-94.49,1.232
48,26PL-351-090,-95.194,565955,639640,-91.861,8.26311,81.3724,-94.01,1.184
49,26PL-351-095,-95.223,565710,642023,-92.987,8.28466,81.3702,-94,1.223
50,26PL-351-099,-95.23,563928,642773,-92.485,8.29147,81.3541,-94,1.23
51,26PL-355-001,-95.517,547402,675798,-78.584,8.59028,81.2044,-94.31,1.207
52,26PL-355-006,-95.519,545593,677208,-88.093,8.60305,81.188,-94.3,1.219
53,26PL-355-011,-95.533,543888,678661,-73.748,8.6162,81.1725,-94.29,1.243
54,26PL-355-018,-95.534,540529,679029,-83.312,8.61956,81.142,-94.25,1.284
55,26PL-355-022,-95.518,538674,679474,-77.073,8.6236,81.1251,-94.23,1.288
56,26PL-355-026,-95.531,536856,680262,-67.77,8.63074,81.1086,-94.22,1.311
57,26PL-355-031,-95.538,534494,680869,-65.246,8.63624,81.0872,-94.21,1.328
58,26PL-355-039,-95.55,530929,680213,-53.46,8.63034,81.0547,-94.19,1.36
59,26PL-355-044,-95.546,528553,679995,-53.04,8.62838,81.0332,-94.2,1.346
60,26PL-355-050,-95.572,526114,681088,-60.9,8.63828,81.011,-94.21,1.362
61,26PL-355-056,-95.584,523576,679869,-54.383,8.62727,80.9879,-94.23,1.354
62,26PL-355-062,-95.61,520892,678683,-44.517,8.61656,80.9635,-94.26,1.35
63,26PL-355-068,-95.621,518123,677723,-25.598,8.60789,80.9384,-94.29,1.331
64,26SL-442-090,-96.057,505493,713246,-77.963,8.92913,80.8237,-94.92,1.137
65,26SL-442-103,-96.047,510688,714695,-77.214,8.94223,80.8709,-94.92,1.127
66,26SL-445-053,-96.122,500492,713163,-64,8.92839,80.7782,-94.94,1.182
67,26SL-453-007,-95.658,513992,679308,-48.735,8.62224,80.9009,-94.35,1.308
68,26SL-453-013,-95.598,516229,679841,-44.79,8.62705,80.9212,-94.33,1.268
69,26SL-453-020,-95.601,517386,683114,-50.512,8.65664,80.9317,-94.32,1.281
70,26SL-453-027,-95.652,519054,684640,-45.288,8.67043,80.9469,-94.3,1.352
71,26SL-453-046,-95.646,515803,686777,-55.912,8.68977,80.9173,-94.36,1.286
72,26SL-453-057,-95.683,519420,687871,-45.84,8.69965,80.9502,-94.32,1.363
73,26SL-453-067,-95.703,520957,690206,-51.689,8.72075,80.9642,-94.33,1.373
74,26SL-453-081,-95.636,520796,685193,-41.864,8.67543,80.9627,-94.29,1.346
75,27PL-301-004,-94.727,601830,579669,-91.687,7.72026,81.6968,-93.47,1.257
76,27PL-301-018,-94.886,596104,582954,-93.607,7.75007,81.645,-93.58,1.306
77,27PL-301-030,-94.992,590974,586176,-92.709,7.7793,81.5985,-93.71,1.282
78,27PL-301-038,-95.082,588265,584907,-91.727,7.76787,81.574,-93.76,1.322
79,27PL-302-010,-95.095,586684,590134,-92.091,7.81516,81.5597,-93.82,1.275
80,27PL-302-020,-95.116,584772,594607,-91.035,7.85564,81.5425,-93.86,1.256
81,27PL-302-031,-95.13,583898,599966,-91.619,7.90411,81.5346,-93.86,1.27
82,27PL-351-001,-94.91,582433,605017,-88.809,7.9498,81.5214,-93.86,1.05
83,27PL-351-006,-94.927,582097,606615,-92.511,7.96426,81.5184,-93.86,1.067
84,27PL-351-009,-94.886,581694,607808,-92.477,7.97505,81.5148,-93.86,1.026
85,27PL-351-015,-94.93,580664,609534,-92.782,7.99067,81.5055,-93.87,1.06
86,27PL-351-021,-94.933,578746,611829,-91.959,8.01145,81.4881,-93.89,1.043
87,27PL-351-027,-94.951,577066,614345,-91.621,8.03423,81.4729,-93.92,1.031
88,27PL-351-034,-95.023,575684,616471,-91.735,8.05348,81.4604,-93.94,1.083
89,27PL-351-041,-95.031,574261,619718,-92.594,8.08286,81.4475,-93.96,1.071
90,27PL-351-047,-95.054,573298,621813,-92.212,8.10181,81.4388,-93.97,1.084
91,27PL-351-054,-95.061,573123,624517,-92.753,8.12627,81.4373,-93.98,1.081
92,27PL-351-060,-95.046,572141,627362,-92.398,8.15201,81.4284,-93.99,1.056
93,27PL-351-065,-95.086,570447,629122,-91.224,8.16794,81.4131,-94.01,1.076
94,27PL-351-070,-95.067,570130,631608,-92.537,8.19043,81.4102,-94.01,1.057
95,27PL-351-076,-95.046,569524,634573,-92.399,8.21725,81.4048,-94.01,1.036
96,27PL-351-080,-95.071,568191,635975,-92.676,8.22994,81.3927,-94.02,1.051
97,27PL-351-085,-95.102,566323,637417,-92.027,8.24301,81.3757,-94.02,1.082
98,28PL-333-090,-95.625,595379,490440,-40.881,6.91357,81.6368,-94.18,1.445
99,28PL-333-102,-95.657,600602,488872,-52.911,6.89931,81.6841,-94.21,1.447
100,28PL-333-109,-95.655,603272,486990,-71.191,6.88224,81.7082,-94.22,1.435
101,28PL-333-130,-95.691,612611,487005,-88.183,6.88221,81.7927,-94.25,1.441
102,28PL-333-139,-95.776,616561,486562,-92.147,6.87813,81.8284,-94.34,1.436
103,28TL-017-005,-95.365,567382,561016,-40.475,7.55215,81.3843,-94.06,1.305
104,28TL-017-009,-95.31,570301,563330,-56.262,7.57304,81.4108,-94.03,1.28
105,31PL-309-023,-94.642,484180,548443,255.1779,7.43885,80.6304,-93.28,1.362
106,31PL-309-030,-94.673,483415,553131,269.1421,7.48124,80.6235,-93.43,1.243
107,31PL-309-084,-95.412,487045,581053,176.4863,7.73375,80.6563,-94.09,1.322
108,31PL-309-102,-95.662,487227,590914,91.2538,7.82292,80.6579,-94.27,1.392
109,31PL-326-007,-95.712,487315,598421,69.479,7.89081,80.6587,-94.38,1.332
110,31PL-326-018,-95.696,490369,602601,91.7908,7.92861,80.6864,-94.39,1.306
111,31PL-326-025,-95.689,492199,605729,112.0532,7.9569,80.703,-94.4,1.289
112,31PL-326-030,-95.696,493621,608000,107.4163,7.97744,80.7159,-94.41,1.286
113,32PL-303-082,-93.681,484750,512599,876.436,7.11472,80.6357,-92.23,1.451
114,32PL-303-099,-94.069,480495,514729,501.115,7.13397,80.5971,-92.61,1.459
115,32PL-308-008,-94.27,481855,530076,375.7444,7.27275,80.6094,-92.99,1.28
116,32PL-308-015,-94.374,479746,527746,379.922,7.25168,80.5903,-93.03,1.344
117,32PL-308-021,-94.262,480426,524837,389.4147,7.22537,80.5965,-92.93,1.332
118,32PL-308-033,-94.216,479041,519929,389.1727,7.18098,80.584,-92.86,1.356
119,32PL-309-002,-94.285,484998,532306,416.9362,7.29293,80.6379,-92.93,1.355
120,32PL-328-045,-95.031,473182,540447,251.0538,7.3665,80.5308,-93.68,1.351
121,32PL-328-053,-94.907,475742,537595,418.6253,7.34072,80.554,-93.47,1.437
122,32PL-328-062,-94.609,479805,536224,456.0225,7.32834,80.5908,-93.22,1.389
123,32SL-403-008,-94.123,509843,532507,720.5131,7.29476,80.8629,-92.74,1.383
124,32SL-403-015,-93.973,505800,532139,587.3631,7.29144,80.8263,-92.64,1.333
125,32SL-403-022,-93.991,503532,529135,381.0737,7.26427,80.8057,-92.61,1.381
126,32SL-403-028,-93.974,501765,526903,363.8598,7.24409,80.7897,-92.57,1.404
127,32SL-406-012,-94.032,490749,531075,383.0099,7.28181,80.6899,-92.74,1.292
128,32SL-406-018,-94.037,493426,531640,374.0254,7.28692,80.7142,-92.71,1.327
129,32SL-406-032,-93.972,496943,536071,351.4401,7.327,80.746,-92.72,1.252
130,32SL-406-043,-93.954,500942,531640,362.6444,7.28693,80.7823,-92.63,1.324
131,32TL-027-005,-94.134,489796,530047,385.7171,7.27251,80.6813,-92.74,1.394
132,32TL-027-013,-94.068,493449,528806,376.572,7.2613,80.7144,-92.64,1.428
133,32TL-027-026,-93.862,494494,526600,368.6822,7.24135,80.7239,-92.56,1.302
134,32TL-027-035,-93.847,497158,525427,426.9668,7.23074,80.748,-92.5,1.347
135,32TL-042-006,-94.151,477461,515894,408.4273,7.14449,80.5697,-92.88,1.271
136,32TL-042-014,-94.119,476979,512926,466.3746,7.11765,80.5653,-92.8,1.319
137,32TL-042-029,-94.055,474117,507764,478.3899,7.07095,80.5394,-92.83,1.225
138,32TL-042-045,-94.405,469939,503167,480.3921,7.02936,80.5016,-93.07,1.335
139,32TL-050-047,-94.926,471828,528346,423.433,7.25707,80.5186,-93.57,1.356
140,32TL-056-021,-93.969,483130,523088,504.8679,7.20956,80.621,-92.71,1.259
141,32TL-056-048,-93.546,489218,520753,795.9594,7.18846,80.6761,-92.32,1.226
142,32TL-056-065,-93.103,493187,516205,923.5895,7.14734,80.7121,-92,1.103
143,32TL-073-005,-94.116,487682,529809,432.5321,7.27036,80.6622,-92.77,1.346
144,32TL-073-014,-93.991,490702,527808,392.7733,7.25227,80.6895,-92.65,1.341
145,33PL-303-005,-92.593,499259,495961,1791.442,6.96428,80.767,-91.13,1.463
146,33PL-303-011,-92.587,497736,497941,1836.988,6.98218,80.7532,-91.15,1.437
147,33PL-303-015,-92.665,497226,499392,1876.771,6.9953,80.7486,-91.18,1.485
148,33PL-303-021,-92.698,495775,500566,1703.355,7.00592,80.7355,-91.24,1.458
149,33PL-303-022,-92.744,495528,500913,1671.753,7.00906,80.7333,-91.26,1.484
150,33PL-303-036,-93.054,492760,504599,1275.716,7.04239,80.7082,-91.49,1.564
151,33PL-303-052,-93.201,491152,506481,873.128,7.0594,80.6936,-91.63,1.571
152,33PL-303-071,-93.417,486787,509949,925.685,7.09076,80.6541,-92,1.417
153,33PL-311-010,-92.477,497449,493760,1580.217,6.94437,80.7506,-91.16,1.317
154,33PL-311-014,-92.564,495894,492790,1476.49,6.9356,80.7366,-91.21,1.354
155,33PL-311-024,-92.691,492053,493040,1300.721,6.93786,80.7018,-91.36,1.331
156,33PL-311-031,-92.961,490706,491424,1178.846,6.92324,80.6896,-91.44,1.521
157,33PL-311-033,-92.978,490402,491796,1160.303,6.9266,80.6869,-91.45,1.528
158,33PL-311-039,-93.09,488372,492552,1104.429,6.93344,80.6685,-91.55,1.54
159,33PL-311-054,-93.329,483699,493341,1118.701,6.94056,80.6262,-91.8,1.529
160,33PL-311-059,-93.447,482273,491606,1142.215,6.92487,80.6133,-91.88,1.567
161,33PL-311-063,-93.541,480764,490813,1147.967,6.91769,80.5997,-91.98,1.561
162,33PL-311-069,-93.631,479599,489476,1159.279,6.9056,80.5891,-92.05,1.581
163,33PL-311-076,-93.741,478113,489614,1080.824,6.90684,80.5757,-92.18,1.561
164,33PL-311-082,-93.926,476114,491190,1030.508,6.92108,80.5576,-92.34,1.586
165,33PL-311-085,-93.937,475574,492342,991.975,6.9315,80.5527,-92.4,1.537
166,33PL-311-095,-94.263,472477,495246,887.753,6.95775,80.5247,-92.73,1.533
167,33PL-324-066,-94.971,465471,498975,276.841,6.99143,80.4612,-93.48,1.491
168,33PL-324-074,-94.715,467714,499438,434.384,6.99563,80.4815,-93.26,1.455
169,33PL-324-084,-94.424,470192,497450,680.807,6.97766,80.504,-92.99,1.434
170,33SL-164-BM90,-94.388,471033,491018,781.983,6.9195,80.5116,-92.83,1.558
171,33SL-403-042,-93.836,506237,520136,242.9834,7.18289,80.8302,-92.41,1.426
172,33TL-013-002,-93.654,480723,484087,1041.123,6.85687,80.5993,-92.07,1.584
173,33TL-013-006,-93.764,478258,485371,1018.487,6.86847,80.577,-92.19,1.574
174,33TL-027-052,-93.775,500122,524147,415.5755,7.21917,80.7748,-92.45,1.325
175,33TL-028-013,-93.331,503820,512890,508.0069,7.11737,80.8083,-91.91,1.421
176,33TL-028-022,-93.083,502587,510266,570.5758,7.09364,80.7972,-91.7,1.383
177,33TL-028-044,-93.405,500811,517861,739.7668,7.16232,80.7811,-92.15,1.255
178,33TL-029-017,-92.278,504646,498650,1826.015,6.98859,80.8158,-91.19,1.088
179,33TL-029-026,-92.386,505561,501915,1707.0824,7.01812,80.8241,-91.31,1.076
180,33TL-029-032,-92.705,507635,501836,1578.5262,7.0174,80.8428,-91.38,1.325
181,33TL-029-046,-92.858,510684,504216,1343.7448,7.03892,80.8704,-91.63,1.228
182,33TL-029-052,-93.061,511558,506558,1222.7203,7.0601,80.8784,-91.8,1.261
183,33TL-029-063,-93.198,509618,510222,822.5309,7.09323,80.8608,-91.94,1.258
184,33TL-029-079,-93.608,507904,514183,612.5311,7.12906,80.8453,-92.14,1.468
185,33TL-054-058,-92.919,513759,499124,1179.554,6.99287,80.8983,-91.61,1.309
186,33TL-054-073,-93.007,512197,501484,1367.402,7.01421,80.8841,-91.59,1.417
187,33TL-056-081,-93.098,495952,513587,1098.5906,7.12367,80.7371,-91.83,1.268
188,33TL-056-100,-93.209,500291,514312,969.2218,7.13023,80.7764,-91.91,1.299
189,33TL-075-006,-92.486,502736,493535,1751.882,6.94234,80.7985,-91.16,1.326
190,33TL-075-008,-92.593,503331,492955,1676.975,6.93709,80.8039,-91.18,1.413
191,33TL-075-013,-92.675,505195,492023,1613.955,6.92866,80.8207,-91.23,1.445
192,41PL-305-016,-98.045,402630,554863,-88.63,7.49604,79.8915,-96.77,1.275
193,41PL-305-037,-98.382,394637,559518,-97.006,7.53798,79.819,-97.04,1.342
194,41PL-305-048,-98.514,392404,565129,-95.964,7.58867,79.7987,-97.12,1.394
195,41PL-305-060,-98.352,395575,570335,-93.93,7.6358,79.8273,-96.99,1.362
196,41PL-305-075,-98.15,399062,574917,-91.495,7.6773,79.8588,-96.87,1.28
197,41PL-312-024,-98.195,401688,545675,-85.031,7.41295,79.8831,-96.86,1.335
198,41PL-312-034,-98.366,395952,545250,-89.99,7.409,79.8312,-97.09,1.276
199,41PL-312-044,-98.316,396648,538861,-92.086,7.35124,79.8376,-97.12,1.196
200,41PL-312-048,-98.317,397394,536932,-90.149,7.33382,79.8444,-97.1,1.217
201,41PL-325-031,-97.874,418187,594662,-26.356,7.85617,80.0318,-96.35,1.524
202,41PL-325-037,-97.851,416105,596804,-27.075,7.87551,80.0129,-96.4,1.451
203,41PL-325-049,-97.851,411161,601672,-53.274,7.91944,79.968,-96.48,1.371
204,41PL-325-053,-97.908,409116,603853,-65.986,7.93912,79.9494,-96.51,1.398
205,41PL-325-059,-98.006,407050,606028,-65.124,7.95875,79.9306,-96.53,1.476
206,41PL-325-064,-98.063,405401,607789,-70.581,7.97464,79.9156,-96.55,1.513
207,41PL-334-007,-97.516,424417,631141,-48.376,8.18612,80.0878,-96.16,1.356
208,41PL-334-014,-97.561,422340,628282,-32.605,8.16023,80.069,-96.21,1.351
209,41PL-334-024,-97.603,418725,624816,-39.891,8.12883,80.0362,-96.29,1.313
210,41PL-334-030,-97.611,416864,622487,-36.227,8.10774,80.0194,-96.32,1.291
211,41PL-334-036,-97.59,414984,620222,-52.803,8.08723,80.0023,-96.36,1.23
212,41PL-334-041,-97.671,413149,618539,-65.897,8.07198,79.9857,-96.39,1.281
213,41PL-334-047,-97.76,410618,617017,-74.813,8.05818,79.9628,-96.44,1.32
214,41PL-334-054,-97.872,407362,615974,-81.819,8.04869,79.9333,-96.49,1.382
215,41PL-334-060,-97.966,404532,615016,-73.406,8.03997,79.9076,-96.54,1.426
216,41PL-334-066,-97.973,401618,614482,-41.032,8.03509,79.8812,-96.59,1.383
217,41PL-334-073,-97.998,398878,613230,-82.457,8.02371,79.8564,-96.65,1.348
218,41TL-020-002,-98.466,398623,532540,-96.9711,7.29413,79.8556,-97.1,1.366
219,41TL-020-012,-98.307,403543,532963,-87.8112,7.29804,79.9002,-96.89,1.417
220,41TL-020-020,-98.161,407456,532742,-75.1982,7.29611,79.9356,-96.75,1.411
221,42PL-305-008,-97.997,407044,553784,-87.219,7.48637,79.9315,-96.65,1.347
222,42PL-312-011,-98.018,406884,548204,-77.693,7.43591,79.9302,-96.67,1.348
223,42PL-325-005,-97.774,426733,585406,-37.374,7.77261,80.1095,-96.12,1.654
224,42PL-325-013,-97.85,424222,588178,-37.759,7.79764,80.0866,-96.19,1.66
225,42PL-325-017,-97.907,422827,589611,-32.394,7.81057,80.074,-96.23,1.677
226,42PL-325-026,-98.045,419991,592833,-35.989,7.83966,80.0482,-96.31,1.735
227,42PL-328-013,-95.892,460690,550142,58.6347,7.4541,80.4176,-94.6,1.292
228,42PL-328-032,-95.318,469363,544683,70.1051,7.40479,80.4962,-93.99,1.328
229,42PL-328-036,-95.274,471148,543605,81.8852,7.39505,80.5124,-93.87,1.404
230,42PL-331-008,-96.268,451667,556897,15.12,7.51511,80.3358,-95.1,1.168
231,42PL-331-020,-96.635,447435,561728,-9.396,7.55875,80.2974,-95.31,1.325
232,42PL-331-032,-96.62,442801,567187,-8.422,7.60807,80.2553,-95.52,1.1
233,42PL-331-036,-96.991,441582,568747,-5.23,7.62216,80.2443,-95.57,1.421
234,42PL-331-044,-96.997,439018,572390,-25.229,7.65507,80.221,-95.68,1.317
235,42PL-331-053,-97.012,436092,575691,-30.695,7.68489,80.1944,-95.79,1.222
236,42PL-331-065,-97.346,431160,578964,-52.433,7.71442,80.1497,-95.96,1.386
237,42PL-331-073,-97.417,428193,581823,-47.426,7.74023,80.1227,-96.06,1.357
238,42SL-422-011,-97.762,408589,561058,-64.216,7.55216,79.9454,-96.59,1.172
239,42TL-020-026,-98.063,409720,534597,-66.6116,7.31292,79.9561,-96.65,1.413
240,42TL-020-032,-97.998,412392,535721,-78.0456,7.32313,79.9803,-96.54,1.458
241,42TL-020-040,-97.72,416058,536695,-72.4049,7.33199,80.0135,-96.4,1.32
242,42TL-020-058,-97.402,424845,535699,-63.3295,7.32311,80.093,-96.03,1.372
243,42TL-020-071,-97.257,430573,537085,-32.9596,7.33572,80.1449,-95.79,1.467
244,42TL-020-076,-97.19,432896,537514,-56.2679,7.33963,80.1659,-95.7,1.49
245,51PL-312-063,-97.993,399004,529289,-91.181,7.26474,79.8591,-97.11,0.883
246,51PL-312-068,-98.148,397929,527201,-92.475,7.24584,79.8494,-97.18,0.968
247,51PL-312-083,-98.238,400814,524732,-91.334,7.22357,79.8756,-97.07,1.168
248,51PL-312-094,-98.036,405860,525725,-88.194,7.23264,79.9213,-96.85,1.186
249,51PL-312-104,-97.868,410608,525669,-74.322,7.23221,79.9643,-96.66,1.208
250,51SL-411-006,-97.884,410572,522433,-76.873,7.20295,79.964,-96.67,1.214
251,51SL-411-025,-98.052,406332,514108,-91.655,7.1276,79.9257,-96.88,1.172
252,51SL-411-035,-98.06,403336,509705,-90.525,7.08774,79.8987,-97,1.06
253,51SL-411-050,-98.276,399368,504872,-94.899,7.04397,79.8629,-97.16,1.116
254,51SL-411-058,-98.297,400364,499867,-96.966,6.99873,79.872,-97.12,1.177
255,51TL-018-001,-97.543,422030,516760,-77.933,7.15182,80.0678,-96.19,1.353
256,51TL-018-005,-97.35,427175,513530,-53.807,7.12268,80.1144,-95.96,1.39
257,51TL-018-010,-96.977,434264,511898,-61.927,7.10801,80.1786,-95.63,1.347
258,51TL-023-003,-97.234,430608,509458,-42.83,7.08591,80.1456,-95.83,1.404
259,51TL-023-007,-97.239,430158,507422,-51.572,7.06749,80.1415,-95.87,1.369
260,51TL-023-019,-97.285,429268,502380,-77.843,7.02189,80.1335,-95.97,1.315
261,51TL-023-025,-97.344,428679,499583,-68.94,6.99659,80.1282,-96.03,1.314
262,51TL-023-030,-97.395,427819,497306,-78.377,6.97599,80.1205,-96.09,1.305
263,51TL-023-037,-97.447,425899,495087,-85.25,6.95589,80.1031,-96.19,1.257
264,51TL-023-042,-97.436,424355,492912,-78.289,6.93621,80.0892,-96.28,1.156
265,51TL-023-048,-97.563,423904,490315,-82.339,6.91272,80.0851,-96.32,1.243
266,51TL-025-035,-96.843,433824,509617,59.41,7.08738,80.1747,-95.67,1.173
267,51TL-025-051,-97.061,431203,512619,-63.3,7.1145,80.1509,-95.77,1.291
268,52PL-310-006,-98.564,401992,494860,-96.36,6.95349,79.8868,-97.08,1.484
269,52PL-310-018,-98.302,408622,493102,-93.281,6.9377,79.9468,-96.85,1.452
270,52PL-310-027,-97.996,413260,492601,-92.817,6.93324,79.9888,-96.7,1.296
271,52PL-310-037,-97.887,417454,491508,-90.259,6.92342,80.0268,-96.56,1.327
272,52PL-310-046,-97.754,421019,489640,-88.452,6.90658,80.059,-96.44,1.314
273,52PL-310-062,-97.519,427427,492279,-85.114,6.93052,80.117,-96.15,1.369
274,52PL-310-070,-97.378,430580,493479,-76.879,6.94141,80.1455,-95.99,1.388
275,52PL-310-077,-97.179,433867,492878,-78.731,6.93602,80.1753,-95.83,1.349
276,52SL-412-020,-98.236,406501,486353,-96.201,6.87664,79.9277,-96.98,1.256
277,52SL-412-037,-98.501,399295,484781,-96.42,6.8623,79.8626,-97.29,1.211
278,52TL-024-014,-97.62,425154,484024,-71.125,6.85585,80.0965,-96.31,1.31
279,52TL-024-023,-97.459,428523,481865,-78.381,6.83637,80.127,-96.17,1.289
280,52TL-036-001,-96.835,438237,494113,-64.135,6.94723,80.2148,-95.59,1.245
281,53TL-024-034,-97.379,430255,477446,-76.101,6.79643,80.1428,-96.15,1.229
282,53TL-024-040,-97.431,431547,475008,-64.275,6.7744,80.1545,-96.13,1.301
283,53TL-037-019,-98.111,413030,468228,-90.049,6.71285,79.9871,-97.01,1.101
284,53TL-038-001,-98.467,421653,468510,-80.269,6.71552,80.0651,-96.68,1.787
285,53TL-038-011,-97.999,425839,470236,-80.661,6.73118,80.1029,-96.48,1.519
286,53TL-038-017,-97.819,428508,471189,-82.325,6.73983,80.127,-96.34,1.479
287,53TL-038-021,-97.812,430454,471259,-86.495,6.74048,80.1446,-96.26,1.552
288,53TL-038-032,-97.549,435702,471017,-85.208,6.73835,80.1921,-96.01,1.539
289,53TL-058-001,-98.094,420820,454798,-91.4168,6.59151,80.0577,-96.95,1.144
290,53TL-058-023,-97.957,426497,449724,-81.7812,6.5457,80.1091,-96.83,1.127
291,53TL-067-021,-98.406,416870,445148,-96.4649,6.5042,80.0221,-97.28,1.126
292,53TL-067-027,-98.431,418086,442649,-94.7925,6.48162,80.0331,-97.29,1.141
293,53TL-068-102,-97.58,432062,458529,-87.859,6.62539,80.1593,-96.44,1.14
294,53TL-068-108,-97.496,434338,460548,-82.959,6.64367,80.1799,-96.3,1.196
295,53TL-068-115,-97.635,432613,464279,-84.817,6.67739,80.1642,-96.3,1.335
296,53TL-068-125,-97.299,435060,468231,-79.353,6.71315,80.1863,-96.1,1.199
297,53TL-068-75,-98.024,427450,446458,-86.213,6.51618,80.1178,-96.86,1.164
298,53TL-070-013,-97.936,423283,459901,-92.97,6.63769,80.0799,-96.76,1.176
299,53TL-070-062,-98.227,411397,462845,-95.764,6.66415,79.9724,-97.16,1.067
300,53TL-070-075,-98.341,410698,457813,-91.485,6.61864,79.9661,-97.27,1.071
301,61PL-304-007,-96.799,440936,496191,-70.046,6.96605,80.2392,-95.42,1.379
302,61PL-304-016,-96.374,443516,499937,-68.343,6.99995,80.2625,-95.26,1.114
303,61PL-313-003,-96.632,443431,502550,-71.581,7.02358,80.2617,-95.25,1.382
304,61PL-313-008,-97.047,442840,504545,-69.28,7.04162,80.2563,-95.27,1.777
305,61PL-313-019,-96.462,445157,510046,-71.154,7.09138,80.2773,-95.11,1.352
306,61PL-313-030,-96.378,446074,514920,-63.938,7.13547,80.2855,-95.04,1.338
307,61PL-313-042,-96.351,447511,520370,-36.875,7.18476,80.2985,-94.96,1.391
308,61PL-324-006,-96.392,445850,503241,-66.131,7.02985,80.2836,-95.1,1.292
309,61PL-324-014,-96.194,447883,501701,-60.434,7.01595,80.302,-94.98,1.214
310,61PL-324-023,-96.069,450152,499641,-58.743,6.99734,80.3226,-94.83,1.239
311,61PL-324-047,-95.501,459714,499703,-33.915,6.99797,80.4091,-94.05,1.451
312,61TL-025-016,-96.7,438234,504675,36.785,7.04274,80.2147,-95.51,1.19
313,61TL-025-025,-96.752,436739,507807,-16.599,7.07105,80.2011,-95.55,1.202
314,61TL-033-009,-95.885,453900,524106,103.008,7.2186,80.3563,-94.66,1.225
315,61TL-033-020,-95.832,454440,519539,31.428,7.17731,80.3612,-94.58,1.252
316,61TL-033-042,-96.085,450677,515107,-1.405,7.1372,80.3272,-94.78,1.305
317,61TL-033-053,-95.992,450718,510839,-55.583,7.0986,80.3276,-94.78,1.212
318,61TL-050-002,-96.03,452299,527889,73.835,7.2528,80.3418,-94.79,1.24
319,61TL-050-014,-95.745,458237,528326,17.016,7.2568,80.3955,-94.48,1.265
320,61TL-050-027,-95.463,463608,528038,110.217,7.25423,80.4442,-94.15,1.313
321,61TL-050-036,-95.22,467513,527555,116.183,7.24989,80.4795,-93.88,1.34
322,62PL_329_28,-93.831,505893,471077,689.172,6.739241,80.827047,-92.56,1.271
323,62PL-329-028,-93.941,505893,471077,689.062,6.73924,80.827,-92.56,1.381
324,62PL-329-034,-94.063,503860,469752,617.84,6.72726,80.8087,-92.68,1.383
325,62PL-329-052,-94.112,498444,467460,457.639,6.70654,80.7597,-92.9,1.212
326,62PL-332-006,-96.131,475726,455921,43.227,6.60214,80.5542,-94.53,1.601
327,62PL-332-011,-96.143,477589,454298,31.656,6.58747,80.5711,-94.52,1.623
328,62PL-332-017,-96.217,478358,451795,47.369,6.56483,80.578,-94.61,1.607
329,62PL-332-022,-96.261,479132,449839,87.332,6.54715,80.585,-94.64,1.621
330,62PL-332-028,-96.266,481145,447074,138.149,6.52215,80.6032,-94.68,1.586
331,62SL-416-001,-94.623,496860,465849,394.899,6.69197,80.7453,-93.08,1.543
332,62SL-416-008,-94.763,494760,463962,438.305,6.6749,80.7263,-93.3,1.463
333,62SL-416-031,-95.345,489185,459100,247.756,6.63092,80.6759,-93.81,1.535
334,62SL-416-042,-95.682,485603,457111,70.878,6.61293,80.6435,-94.05,1.632
335,62SL-416-054,-95.956,480473,456788,41.257,6.60999,80.5971,-94.26,1.696
336,62SL-416-067,-96.123,474743,458152,31.481,6.62231,80.5453,-94.45,1.673
337,62TL-015-008,-96.519,452916,467328,-81.588,6.70516,80.3478,-95.29,1.229
338,62TL-036-009,-96.839,439245,490548,-55.142,6.91501,80.224,-95.56,1.279
339,62TL-036-017,-96.771,441099,487202,-60.619,6.88477,80.2408,-95.47,1.301
340,62TL-036-030,-96.664,444796,482113,-71.225,6.83879,80.2743,-95.32,1.344
341,62TL-036-040,-96.811,444649,477817,-76.441,6.79994,80.273,-95.42,1.391
342,62TL-036-049,-96.472,444938,474927,-77.696,6.7738,80.2756,-95.48,0.992
343,62TL-036-052,-96.708,445634,472046,-76.524,6.74776,80.2819,-95.52,1.188
344,62TL-038-038,-97.391,438042,470201,-79.783,6.731,80.2133,-95.91,1.481
345,62TL-044-016,-97.155,444932,470811,-76.719,6.73658,80.2756,-95.58,1.575
346,71PL-300-004,-93.627,527730,495167,655.784,6.95703,81.0247,-92.2,1.427
347,71PL-300-009,-93.759,526834,497611,693.15,6.97914,81.0166,-92.22,1.539
348,71PL-300-019,-93.633,524542,503541,824.407,7.03277,80.9959,-92.33,1.303
349,71PL-300-024,-93.788,522056,506926,455.849,7.06339,80.9734,-92.36,1.428
350,71PL-300-035,-94.583,525625,519075,26.524,7.17324,81.0058,-93.09,1.493
351,71PL-300-038,-94.814,526477,523308,20.779,7.21152,81.0135,-93.28,1.534
352,71PL-300-041,-94.71,531093,523930,31.56,7.21712,81.0553,-93.41,1.3
353,71PL-306-002,-93.979,522299,477346,1298.793,6.7959,80.9755,-92.41,1.569
354,71PL-306-005,-93.886,523413,480058,1110.85,6.82042,80.9856,-92.24,1.646
355,71PL-306-009,-93.893,525323,481995,1080.326,6.83793,81.0029,-92.25,1.643
356,71PL-306-013,-93.947,527779,484957,872.89,6.8647,81.0251,-92.27,1.677
357,71PL-306-017,-93.817,530877,488215,800.616,6.89415,81.0531,-92.35,1.467
358,71PL-306-020,-93.708,530311,491640,695.114,6.92512,81.048,-92.28,1.428
359,71PL-307-010,-93.902,517430,473506,1047.474,6.76119,80.9314,-92.62,1.282
360,71PL-329-004,-93.867,513445,473911,886.562,6.76486,80.8954,-92.47,1.397
361,71PL-329-019,-93.708,508016,473932,687.836,6.76506,80.8463,-92.29,1.418
362,71TL-054-007,-92.894,513554,491733,992.886,6.92603,80.8964,-91.6,1.294
363,71TL-054-018,-92.988,516095,494439,980.765,6.95049,80.9194,-91.71,1.278
364,71TL-054-029,-92.788,518553,496886,1074.101,6.97261,80.9417,-91.84,0.948
365,71TL-055-004,-93.872,531111,501593,626.883,7.01513,81.0553,-92.48,1.392
366,71TL-055-016,-93.896,531829,504939,296.323,7.04538,81.0618,-92.62,1.276
367,71TL-055-024,-94.003,530760,507600,231.755,7.06945,81.0522,-92.7,1.303
368,71TL-055-030,-94.185,530327,510164,191.736,7.09264,81.0483,-92.8,1.385
369,71TL-055-038,-94.257,529902,512623,298.391,7.11488,81.0444,-92.9,1.357
370,71TL-055-051,-94.493,530783,517455,87.101,7.15857,81.0524,-93.13,1.363
371,71TL-055-062,-94.651,528008,521276,46.048,7.19314,81.0273,-93.24,1.411
372,71TL-057-021,-93.867,527926,479805,1264.668,6.81811,81.0264,-92.51,1.357
373,71TL-057-027,-94.02,529259,477927,1179.185,6.80112,81.0385,-92.74,1.28
374,71TL-057-043,-94.488,530278,474987,1180.308,6.77453,81.0477,-93.04,1.448
375,71TL-057-051,-94.653,529716,472994,895.132,6.75651,81.0426,-93.18,1.473
376,71TL-057-062,-94.687,527265,471549,640.145,6.74345,81.0204,-93.17,1.517
377,71TL-075-020,-92.816,506924,489951,1352.525,6.90992,80.8364,-91.32,1.496
378,71TL-075-031,-92.723,509937,488414,1134.104,6.89602,80.8637,-91.46,1.263
379,71TL-075-039,-92.969,512866,489031,1025.305,6.9016,80.8902,-91.58,1.389
380,71TL-075-049,-93.059,516506,489729,915.557,6.9079,80.9231,-91.75,1.309
381,71TL-075-058,-93.514,519604,490478,795.72,6.91466,80.9511,-91.87,1.644
382,71TL-075-068,-93.362,521679,491950,980.568,6.92797,80.9699,-91.94,1.422
383,71TL-075-086,-93.519,526825,493162,801.347,6.93891,81.0165,-92.14,1.379
384,72PL31-028,-96.584,540090,449585,3.256,6.54476,81.1363,-95.05,1.534
385,72PL-327-006,-95.578,560519,482350,83.721,6.84088,81.3213,-93.99,1.588
386,72PL-327-013,-95.587,558282,479697,46.208,6.81691,81.301,-94.04,1.547
387,72PL-327-020,-95.626,556591,477057,46.636,6.79306,81.2857,-94.11,1.516
388,72PL-327-036,-95.515,550597,472921,59.267,6.75571,81.2315,-94.2,1.315
389,72PL-327-041,-95.507,548174,472309,67.97,6.7502,81.2095,-94.18,1.327
390,72PL-327-045,-95.521,546199,471841,64.848,6.74598,81.1917,-94.16,1.361
391,72PL-327-051,-95.443,543305,471128,94.768,6.73955,81.1655,-94.1,1.343
392,72PL-327-055,-95.419,540818,470612,85.276,6.7349,81.143,-94.02,1.399
393,72PL-327-060,-95.367,538307,470436,86.39,6.73333,81.1203,-93.91,1.457
394,72PL-327-065,-95.165,535819,470182,96.179,6.73105,81.0977,-93.8,1.365
395,72PL-333-006,-95.496,563405,486833,69.603,6.88139,81.3475,-93.91,1.586
396,72PL-333-018,-95.407,564470,491948,75.59,6.92763,81.3572,-93.83,1.577
397,72PL-333-028,-95.52,568613,490186,66.893,6.91165,81.3946,-93.89,1.63
398,72PL-333-036,-95.546,570786,488158,35.107,6.89329,81.4143,-93.94,1.606
399,72PL-333-061,-95.611,581326,489725,2.224,6.90732,81.5097,-94.08,1.531
400,72PL-333-069,-95.643,585174,489465,-31.09,6.90491,81.5445,-94.12,1.523
401,72PL-333-080,-95.529,590554,490421,-29.351,6.91348,81.5932,-94.15,1.379
402,72TL-071-001,-95.12,556402,498150,145.135,6.9838,81.2842,-93.58,1.54
403,72TL-071-009,-95.166,556794,494741,103.715,6.95297,81.2877,-93.64,1.526
404,72TL-071-019,-95.362,557334,490472,85.532,6.91436,81.2926,-93.74,1.622
405,72TL-071-024,-95.445,557914,488212,77.533,6.89392,81.2978,-93.81,1.635
406,81SL-408-020,-99.377,445614,389005,-96.463,5.99681,80.2825,-98.29,1.087
407,81SL-408-031,-99.314,450921,387672,-96.992,5.9848,80.3304,-98.22,1.094
408,81SL-408-041,-99.388,455439,385875,-96.188,5.96858,80.3712,-98.24,1.148
409,82PL-336-004,-99.277,480660,381946,-96.15,5.93317,80.5991,-98.24,1.037
410,82PL-336-019,-98.955,485976,384721,-96.261,5.95828,80.6471,-97.92,1.035
411,82PL-336-028,-98.903,490156,385050,-96.198,5.96126,80.6848,-97.86,1.043
412,82SL-408-049,-99.339,460078,385196,-97.137,5.96247,80.4131,-98.21,1.129
413,82SL-408-066,-99.38,465945,382905,-90.285,5.94178,80.4662,-98.33,1.05
414,82SL-408-076,-99.347,470666,382963,-97.209,5.94233,80.5088,-98.27,1.077
415,82SL-408-082,-99.226,474980,383651,-97.342,5.94857,80.5478,-98.15,1.076
416,83PL-336-044,-98.545,495446,388783,-96.767,5.99503,80.7326,-97.55,0.995
417,83PL-336-057,-98.503,500850,390860,-90.914,6.01381,80.7814,-97.45,1.053
418,83PL-336-072,-98.225,505572,395498,-90.663,6.05575,80.8241,-97.2,1.025
419,83PL-336-099,-97.999,517056,401414,-96.267,6.10924,80.9278,-97,0.999
420,83PL-336-108,-98.033,521448,401457,-78.166,6.10961,80.9675,-97.04,0.993
421,83PL-336-116,-97.943,525114,402344,-93.515,6.11762,81.0006,-97.03,0.913
422,83SL-410-007,-97.335,550199,416379,-70.8807,6.2444,81.2274,-96.47,0.865
423,83SL-410-013,-97.546,546861,411901,-94.4902,6.20393,81.1972,-96.68,0.866
424,83SL-410-018,-97.659,543679,408233,-93.8425,6.17078,81.1684,-96.85,0.809
425,83SL-410-028,-97.763,534776,406415,-91.2507,6.15439,81.088,-96.87,0.893
426,83SL-410-036,-97.91,531347,402787,-93.1099,6.1216,81.057,-97.05,0.86
427,91PL-315-005,-98.577,425945,795407,-95.856,9.67138,80.0989,-97.36,1.217
428,91PL-315-015,-98.428,430886,794532,-93.385,9.66356,80.1439,-97.28,1.148
429,91PL-315-026,-98.359,435796,795640,-94.266,9.67365,80.1887,-97.22,1.139
430,91PL-315-031,-98.339,438198,796357,-95.643,9.68017,80.2105,-97.19,1.149
431,91PL-315-036,-98.266,440603,796239,-95.168,9.67914,80.2325,-97.14,1.126
432,91PL-315-042,-98.235,443248,794892,-95.789,9.667,80.2566,-97.1,1.135
433,91PL-315-048,-98.165,445817,793341,-94.254,9.65301,80.28,-97.06,1.105
434,91SL-404-004,-98.462,437963,810028,-93.722,9.80378,80.2082,-97.32,1.142
435,91SL-404-009,-98.555,435543,809382,-94.734,9.7979,80.1861,-97.36,1.195
436,91SL-404-014,-98.627,433181,809017,-95.912,9.79456,80.1646,-97.39,1.237
437,91SL-404-019,-98.705,430745,808418,-97.555,9.7891,80.1424,-97.42,1.285
438,91SL-404-028,-98.769,427667,804847,-96.706,9.75676,80.1144,-97.44,1.329
439,91SL-404-035,-98.755,425646,802117,-96.161,9.73205,80.0961,-97.44,1.315
440,91SL-404-041,-98.75,423650,799953,-96.732,9.71244,80.0779,-97.43,1.32
441,91SL-404-049,-98.747,420726,797418,-95.359,9.68947,80.0513,-97.43,1.317
442,91SL-404-070,-98.642,420497,794256,-95.435,9.66088,80.0493,-97.41,1.232
443,91SL-420-001,-98.389,439794,810388,-91.81,9.80706,80.2249,-97.3,1.089
444,91SL-420-007,-98.254,440462,812889,-95.107,9.82968,80.2309,-97.3,0.954
445,91SL-420-013,-98.285,438111,813477,-95.719,9.83496,80.2095,-97.33,0.955
446,91SL-420-018,-98.414,435808,812651,-95.345,9.82746,80.1885,-97.36,1.054
447,91SL-420-022,-98.55,433894,812246,-95.12,9.82377,80.1711,-97.39,1.16
448,91SL-420-028,-98.619,431009,812367,-92.947,9.82481,80.1448,-97.42,1.199
449,91SL-420-064,-98.788,415666,810931,-96.83,9.81154,80.0049,-97.44,1.348
450,91SL-420-069,-98.759,413152,810508,-97.566,9.80766,79.982,-97.42,1.339
451,91SL-420-074,-98.8,410709,809536,-96.873,9.79882,79.9598,-97.39,1.41
452,91SL-420-081,-98.792,408000,807510,-97.716,9.78045,79.9351,-97.37,1.422
453,91SL-420-088,-98.771,405984,804830,-96.227,9.75617,79.9168,-97.36,1.411
454,91SL-420-098,-98.78,409063,801948,-96.58,9.73018,79.9449,-97.41,1.37
455,91SL-420-102,-98.753,410455,800835,-95.96,9.72015,79.9576,-97.43,1.323
456,91SL-420-110,-98.71,413550,798025,-97.729,9.69481,79.9859,-97.45,1.26
457,91SL-420-119,-98.708,415464,794785,-97.718,9.66556,80.0034,-97.44,1.268
458,91SL-448-001,-98.565,424587,794255,-96.296,9.66094,80.0865,-97.36,1.205
459,91SL-448-006,-98.516,426365,793819,-95.853,9.65703,80.1028,-97.34,1.176
460,91SL-448-011,-98.464,428631,792693,-96.635,9.64689,80.1234,-97.29,1.174
461,91SL-448-016,-98.411,430733,791502,-97.034,9.63616,80.1426,-97.25,1.161
462,91SL-448-021,-98.379,432544,789813,-96.801,9.62092,80.1591,-97.21,1.169
463,91SL-448-027,-98.354,434001,787942,-97.095,9.60402,80.1724,-97.18,1.174
464,91SL-448-030,-98.352,434905,786688,-96.982,9.5927,80.1807,-97.16,1.192
465,91SL-448-036,-98.322,436981,784772,-96.868,9.57541,80.1996,-97.12,1.202
466,91TL-072-012,-98.839,417489,800427,-91.463,9.71661,80.0218,-97.46,1.379
467,91TL-072-022,-98.699,417785,796606,-92.779,9.68207,80.0245,-97.44,1.259
468,91TL-117-001,-98.762,418796,809540,-93.135,9.79903,80.0335,-97.46,1.302
469,91TL-117-006,-98.746,418438,807049,-91.516,9.7765,80.0303,-97.47,1.276
470,91TL-117-012,-98.748,418298,804689,-94.759,9.75516,80.029,-97.47,1.278
471,91TL-117-019,-98.664,417709,801504,-91.746,9.72635,80.0237,-97.46,1.204
472,91TL-118-006,-98.742,423553,807541,-89.748,9.78105,80.0769,-97.47,1.272
473,91TL-118-012,-98.726,422017,804978,-93.449,9.75784,80.0629,-97.47,1.256
474,91TL-118-018,-98.684,420552,802370,-94.473,9.73424,80.0496,-97.46,1.224
475,91TL-118-025,-98.722,419226,799167,-90.297,9.70525,80.0376,-97.45,1.272
476,91TL-119-002,-98.75,422675,809814,-92.646,9.80158,80.0688,-97.47,1.28
477,91TL-122-001,-98.744,406171,803480,-97.953,9.74397,79.9185,-97.37,1.374
478,91TL-122-004,-98.752,404684,803298,-98.06,9.74229,79.905,-97.35,1.402
479,91TL-122-007,-98.731,402974,802946,-97.137,9.73907,79.8894,-97.32,1.411
480,91TL-129-004,-98.736,401530,801058,-94.815,9.72196,79.8763,-97.3,1.436
481,91TL-129-008,-98.718,400403,799659,-97.552,9.70929,79.8661,-97.29,1.428
482,91TL-129-012,-98.726,400090,801624,-95.908,9.72705,79.8632,-97.27,1.456
483,91TL-129-016,-98.943,400774,803330,-96.63,9.74249,79.8694,-97.28,1.663
484,92PL-316-056,-98.173,448693,790554,-94.057,9.62785,80.3062,-97.02,1.153
485,92PL-316-065,-98.09,452243,787766,-93.692,9.60268,80.3386,-96.96,1.13
486,92PL-316-074,-97.996,455799,785147,-92.865,9.57904,80.371,-96.92,1.076
487,92PL-316-079,-97.951,457959,783898,-93.604,9.56777,80.3907,-96.9,1.051
488,92PL-316-086,-97.924,459008,781094,-96.016,9.54243,80.4003,-96.86,1.064
489,92PL-316-092,-97.887,459628,778220,-95.201,9.51645,80.406,-96.82,1.067
490,92PL-316-099,-97.836,459742,774749,-96.285,9.48507,80.4071,-96.76,1.076
491,92PL-316-104,-97.827,459770,772293,-93.098,9.46286,80.4073,-96.71,1.117
492,92PL-316-109,-97.791,459799,769755,-90.016,9.43991,80.4076,-96.66,1.131
493,92PL-316-115,-97.693,459818,766782,-86.213,9.41303,80.4078,-96.59,1.103
494,92PL-316-124,-97.644,459909,762288,-70.984,9.3724,80.4087,-96.48,1.164
495,92PL-316-129,-97.59,459940,759801,-67.247,9.34991,80.409,-96.42,1.17
496,92SL-430-087,-97.843,429054,744706,-94.434,9.21303,80.1281,-96.67,1.173
497,92SL-430-091,-97.853,429523,746430,-91.166,9.22862,80.1323,-96.69,1.163
498,92SL-448-041,-98.315,436627,782178,-96.902,9.55195,80.1964,-97.1,1.215
499,92SL-448-046,-98.306,436027,779952,-95.588,9.53181,80.191,-97.09,1.216
500,92SL-448-050,-98.269,437279,778525,-96.231,9.51893,80.2024,-97.06,1.209
501,93C80939,-96.21,500401,715747,-75.386,8.95175,80.7774,-95,1.21
502,93C80949,-96.156,505467,717543,-83.769,8.96799,80.8234,-95.02,1.136
503,93C80960,-96.19,510177,720296,-91.698,8.99287,80.8663,-95.08,1.11
504,93PL-317-144,-97.442,460068,752334,-44.611,9.28239,80.4102,-96.24,1.202
505,93PL-317-155,-97.339,460684,746744,-47.544,9.23185,80.4159,-96.12,1.219
506,93PL-317-162,-97.24,461120,743434,-42.098,9.20193,80.4199,-96.04,1.2
507,93PL-317-175,-97.156,463098,737371,-40.897,9.14713,80.438,-95.91,1.246
508,93SL-430-009,-97.336,460471,735453,-25.541,9.12976,80.4141,-95.91,1.426
509,93SL-430-019,-97.376,455630,736054,-34.826,9.13515,80.37,-95.99,1.386
510,93SL-430-024,-97.279,453296,736182,-43.122,9.13628,80.3488,-96.03,1.249
511,93SL-430-030,-97.34,450523,735194,-54.373,9.12732,80.3236,-96.04,1.3
512,93SL-430-035,-97.388,448522,736515,-55.682,9.13924,80.3053,-96.09,1.298
513,93SL-430-041,-97.443,445612,736851,-66.347,9.14224,80.2789,-96.14,1.303
514,93SL-430-060,-97.591,438993,739819,-65.688,9.16899,80.2186,-96.32,1.271
515,93SL-434-040,-96.625,486556,729729,-44.194,9.07816,80.6514,-95.41,1.215
516,93SL-434-050,-96.748,486204,734626,-57.612,9.12244,80.6482,-95.53,1.218
517,93SL-442-117,-96.179,506957,719801,-86.011,8.9884,80.837,-95.07,1.109
518,93SL-442-129,-96.289,508311,724960,-81.866,9.03505,80.8493,-95.19,1.099
519,93SL-442-139,-96.325,510833,728036,-69.016,9.06286,80.8723,-95.26,1.065
520,93SL-442-146,-96.401,512697,729889,-76.49,9.07961,80.8892,-95.31,1.091
521,93SL-442-156,-96.497,512696,733556,-80.234,9.11277,80.8892,-95.4,1.097
522,93SL-442-159,-96.527,512050,734722,-94.103,9.12331,80.8834,-95.43,1.097
523,93SL-442-164,-96.546,510740,736778,-94.085,9.14191,80.8714,-95.48,1.066
524,93SL-442-171,-96.616,508735,739470,-93.814,9.16625,80.8532,-95.55,1.066
525,93SL-442-176,-96.867,507821,741777,-91.203,9.18712,80.8449,-95.61,1.257
526,93SL-442-182,-96.823,506682,744474,-91.691,9.2115,80.8345,-95.69,1.133
527,93SL-442-188,-96.891,505850,747209,-92.592,9.23624,80.827,-95.76,1.131
528,93SL-442-193,-96.942,504855,749509,-90.984,9.25703,80.8179,-95.84,1.102
529,93SL-442-206,-96.907,504144,747670,-94.814,9.24041,80.8114,-95.78,1.127
530,93SL-445-041,-96.153,496074,714409,-66.993,8.93965,80.738,-95,1.153
531,94SL-430-067,-97.635,435860,740622,-66.078,9.1762,80.1901,-96.41,1.225
532,94SL-430-078,-97.804,430485,741841,-82.498,9.18714,80.1412,-96.57,1.234
533,94TL-062-029,-97.133,440757,690093,-60.972,8.71939,80.2353,-95.69,1.443
534,94TL-062-035,-97.047,445515,686502,-58.199,8.68698,80.2786,-95.6,1.447
535,95PL-352-007,-96.227,473226,692763,4.148,8.74384,80.5304,-94.94,1.287
536,95PL-352-013,-96.152,475590,691070,17.845,8.72855,80.5519,-94.87,1.282
537,95SL-432-008,-96.476,465404,694795,-2.973,8.76216,80.4593,-95.15,1.326
538,95SL-432-016,-96.627,461265,694532,-6.082,8.75975,80.4217,-95.26,1.367
539,95SL-432-022,-96.749,458356,694197,-14.846,8.7567,80.3952,-95.33,1.419
540,95SL-432-027,-96.863,455958,693767,-21.814,8.75279,80.3734,-95.38,1.483
541,95SL-432-038,-97.023,450522,694253,-20.634,8.75713,80.324,-95.51,1.513
542,95SL-432-049,-97.065,445520,695381,-31.401,8.76727,80.2785,-95.6,1.465
543,95SL-432-055,-97.063,442620,694596,-46.39,8.76013,80.2522,-95.65,1.413
544,95SL-432-061,-97.114,439616,694518,-55.668,8.75939,80.2249,-95.71,1.404
545,95SL-434-001,-96.641,473137,717629,-22.617,8.96869,80.5294,-95.35,1.291
546,95SL-434-009,-96.644,475713,720507,-30.865,8.99473,80.5528,-95.36,1.284
547,95SL-434-017,-96.622,478931,722621,-18.907,9.01386,80.5821,-95.35,1.272
548,95SL-434-025,-96.537,481980,724910,-3.567,9.03457,80.6098,-95.35,1.187
549,95SL-434-033,-96.587,485472,726535,-19.895,9.04928,80.6416,-95.35,1.237
550,95SL-445-002,-96.545,487712,727221,-50.438,9.05549,80.6619,-95.34,1.205
551,95SL-445-007,-96.526,488226,724869,-39.061,9.03422,80.6666,-95.28,1.246
552,95SL-445-012,-96.459,488537,722415,99.444,9.01203,80.6695,-95.22,1.239
553,95SL-445-018,-96.396,488929,719697,96.463,8.98746,80.673,-95.15,1.246
554,95SL-445-028,-96.191,489804,714702,97.23,8.94229,80.681,-95.04,1.151
555,95SL-445-033,-96.21,491942,714082,95.388,8.93669,80.7004,-95.01,1.2
556,95SL-445-037,-96.208,493724,714823,95.39,8.94339,80.7167,-95.02,1.188
557,A001,-98.775,416155,428857,-85.347,6.357,80.016,-97.73,1.045
558,A002,-99.193,420188,415094,-97.134,6.232,80.052,-98.05,1.143
559,A003,-98.651,432794,420681,-70.628,6.283,80.166,-97.43,1.221
560,A004,-98.215,438447,426175,-82.97,6.333,80.217,-96.99,1.225
561,A005,-97.32,454221,431310,-36.022,6.379,80.36,-96.12,1.2
562,A006,-97.717,460284,418346,-32.933,6.262,80.415,-96.48,1.237
563,A007,-98.508,445131,410596,-63.706,6.192,80.278,-97.36,1.148
564,A008,-99.358,425362,405682,-97.437,6.147,80.099,-98.24,1.118
565,A009,-99.444,438070,392714,-95.714,6.03,80.214,-98.33,1.114
566,A010,-98.907,448268,399483,-30.28,6.092,80.306,-97.66,1.247
567,A013,-99.442,465401,383216,-75.627,5.945,80.461,-98.3,1.142
568,A014,-98.369,466876,401611,-89.804,6.111,80.474,-97.12,1.249
569,A016,-96.463,485898,428901,561.935,6.358,80.646,-95.39,1.073
570,A017,-97.631,478779,411035,146.233,6.196,80.582,-96.51,1.121
571,A018,-98.975,489870,384915,-86.813,5.96,80.682,-97.87,1.105
572,A021,-97.942,497186,403838,-51.513,6.131,80.748,-96.75,1.192
573,A022,-97.39,485455,414573,44.218,6.228,80.642,-96.3,1.09
574,A023,-97.802,509794,407895,-53.862,6.168,80.862,-96.63,1.172
575,A024,-97.633,523562,400455,-66.378,6.101,80.987,-97.12,0.513
576,A025,-97.805,539183,404046,-88.001,6.133,81.128,-97.03,0.775
577,A027,-97.396,541083,415844,-46.339,6.24,81.145,-96.42,0.976
578,A028,-97.23,551375,422252,-70.516,6.298,81.238,-96.17,1.06
579,A032,-95.888,613999,488401,-90.899,6.895,81.805,-94.24,1.648
580,A037,-94.657,616243,545612,-93.658,7.412,81.827,-93.45,1.207
581,A038,-94.877,598831,533348,-65.655,7.301,81.669,-93.67,1.207
582,A039,-95.195,584487,520754,-15.142,7.188,81.539,-93.81,1.385
583,A040,-94.782,595082,552867,-67.777,7.478,81.635,-93.62,1.162
584,A041,-95.39,564070,558565,-39.46,7.53,81.354,-94.1,1.29
585,A042,-95.372,551978,545701,8.143,7.414,81.245,-94.1,1.272
586,A045,-94.853,550007,517780,143.569,7.161,81.226,-93.57,1.283
587,A047,-95.21,572961,509458,16.95,7.086,81.434,-93.77,1.44
588,A048,-95.493,585186,506264,7.219,7.057,81.545,-93.88,1.613
589,A049,-95.424,586613,491802,-12.779,6.926,81.558,-94.1,1.324
590,A050,-95.982,583606,474913,-18.525,6.773,81.53,-94.32,1.662
591,A051,-95.431,576198,489709,31.496,6.907,81.463,-94,1.431
592,A052,-95.191,566272,498089,98.452,6.983,81.374,-93.79,1.401
593,A053,-95.41,563039,483941,42.435,6.855,81.344,-93.97,1.44
594,A054,-95.888,562842,470417,29.785,6.733,81.342,-94.35,1.538
595,A055,-95.589,554142,474609,97.457,6.771,81.264,-94.17,1.419
596,A056,-95.16,535949,470036,102.236,6.73,81.099,-93.81,1.35
597,A057,-95.81,541571,461896,58.354,6.656,81.15,-94.52,1.29
598,A058,-96.528,558950,449046,16.519,6.54,81.307,-95.04,1.488
599,A060,-96.797,539803,437318,-27.127,6.434,81.134,-95.47,1.327
600,A061,-96.74,527484,436878,-6.632,6.43,81.022,-95.46,1.28
601,A062,-96.212,520587,448371,29.847,6.534,80.96,-94.9,1.312
602,A063,-96.745,511975,438265,10.18,6.443,80.882,-95.34,1.405
603,A065,-97.132,508349,426329,-27.185,6.335,80.849,-95.88,1.252
604,A066,-96.073,498401,438044,8.41,6.441,80.759,-95.17,0.903
605,A068,-93.835,506214,470826,664.551,6.73697,80.829967,-92.6,1.235
606,A069,-94.882,492501,461522,511.912,6.653,80.706,-93.55,1.332
607,A070,-96.069,481906,441198,321.798,6.469,80.61,-94.8,1.269
608,A071,-96.326,471281,437191,346.123,6.433,80.514,-95.11,1.216
609,A072,-95.602,476412,458559,156.074,6.626,80.56,-94.34,1.262
610,A074,-96.455,450488,479049,-68.697,6.811,80.326,-95.06,1.395
611,A075,-96.643,444846,470884,-80.404,6.737,80.275,-95.58,1.063
612,A076,-96.361,457204,466288,26.643,6.696,80.387,-95.09,1.271
613,A077,-96.659,458388,447354,167.314,6.525,80.397,-95.46,1.199
614,A078,-97.569,445036,441407,-12.837,6.471,80.277,-96.23,1.339
615,A079,-97.983,435002,439682,-70.581,6.455,80.186,-96.72,1.263
616,A080,-98.403,425318,437451,-57.171,6.435,80.099,-97.15,1.253
617,A081,-97.537,433977,461415,-80.546,6.652,80.177,-96.29,1.247
618,A082,-98.549,409537,454156,-95.578,6.586,79.956,-97.37,1.179
619,A083,-98.506,402933,470457,-95.122,6.733,79.896,-97.34,1.166
620,A084,-97.908,421342,468376,-83.904,6.714,80.062,-96.69,1.218
621,A085,-97.299,432697,474097,-65.325,6.766,80.165,-96.09,1.209
622,A086,-97.383,428123,489188,-82.132,6.903,80.123,-96.14,1.243
623,A087,-97.904,417693,483356,-72.248,6.85,80.029,-96.62,1.284
624,A088,-98.294,408187,476002,-78.903,6.783,79.943,-97.05,1.244
625,A090,-98.526,401604,480942,-92.971,6.828,79.884,-97.23,1.296
626,A092,-97.821,416619,491545,-89.749,6.924,80.019,-96.59,1.231
627,A093,-98.085,426088,490474,-87.064,6.914,80.105,-96.22,1.865
628,A095,-97.195,429340,505351,-58.395,7.049,80.134,-95.94,1.255
629,A096,-97.704,417212,504097,-70.607,7.037,80.024,-96.49,1.214
630,A097,-97.886,413899,495739,-91.79,6.962,79.995,-96.66,1.226
631,A098,-98.199,406158,503202,-78.53,7.029,79.924,-96.9,1.299
632,A099,-98.065,406342,513941,-82.855,7.126,79.926,-96.88,1.185
633,A100,-98.346,400153,517935,-96.359,7.162,79.87,-97.12,1.226
634,A101,-98.548,395981,523114,-92.103,7.209,79.832,-97.29,1.258
635,A102,-97.955,408693,519022,-83.629,7.172,79.947,-96.77,1.185
636,A104,-97.48,419169,529405,-55.362,7.266,80.042,-96.27,1.21
637,A105,-97.146,428205,526637,-27.796,7.241,80.124,-95.85,1.296
638,A106,-97.388,423595,514762,-66.059,7.134,80.082,-96.13,1.258
639,A107,-96.782,436485,507641,29.374,7.07,80.199,-95.56,1.222
640,A108,-95.95,453242,527647,121.891,7.251,80.35,-94.74,1.21
641,A109,-95.635,466414,524275,220.891,7.22,80.47,-93.89,1.745
642,A110,-96.732,439028,527962,29.16,7.253,80.222,-95.37,1.362
643,A111,-95.819,453761,515432,160.143,7.14,80.355,-94.59,1.229
644,A112,-95.743,454319,499398,-38.447,6.995,80.36,-94.51,1.233
645,A113,-95.956,452496,489341,42.245,6.904,80.344,-94.7,1.256
646,A115,-94.119,471550,490745,834.465,6.917,80.516,-92.78,1.339
647,A116,-93.222,492418,475929,1362.272,6.783,80.705,-92.05,1.172
648,A117,-92.681,506428,484569,1822.006,6.861,80.832,-91.42,1.261
649,A119,-92.459,497751,497716,1941.602,6.98,80.753,-91.14,1.319
650,A120,-93.853,501010,518362,757.316,7.167,80.783,-92.19,1.663
651,A121,-94.342,518074,521578,135.557,7.196,80.937,-92.88,1.462
652,A122,-93.272,510255,510958,752.55,7.1,80.867,-92.02,1.252
653,A123,-93.307,515875,481836,1183.468,6.837,80.917,-91.89,1.417
654,A124,-94.08,518736,472373,793.741,6.751,80.943,-92.77,1.31
655,A125,-93.771,531406,485518,967.944,6.87,81.058,-92.46,1.311
656,A126,-94.144,543110,493289,850.013,6.94,81.164,-92.92,1.224
657,A127,-93.72,530594,499410,600.405,6.995,81.051,-92.4,1.32
658,A129,-94.048,530474,515295,203.088,7.139,81.05,-93.03,1.018
659,A130,-95.067,549990,532943,60.579,7.298,81.226,-93.89,1.177
660,A131,-94.94,534117,528834,54.449,7.261,81.083,-93.64,1.3
661,A132,-95.134,537819,543785,48.34,7.397,81.116,-94.03,1.104
662,A134,-95.649,530284,573779,-12.11,7.668,81.048,-94.32,1.329
663,A135,-95.358,527533,551722,2.997,7.468,81.023,-93.99,1.368
664,A136,-94.936,523731,537408,-9.267,7.339,80.989,-93.55,1.386
665,A137,-94.139,512636,536138,689.206,7.328,80.888,-92.88,1.259
666,A140,-93.468,484532,512534,891.863,7.114,80.634,-92.24,1.228
667,A143,-94.356,480921,530109,380.671,7.273,80.601,-93.03,1.326
668,A144,-94.217,495750,543951,849.048,7.398,80.735,-92.77,1.447
669,A145,-94.643,483229,550982,289.177,7.462,80.622,-93.39,1.253
670,A146,-94.628,497772,560728,795.437,7.55,80.754,-93.37,1.258
671,A147,-95.208,515695,560112,2.164,7.544,80.916,-93.87,1.338
672,A148,-95.585,522884,579232,-38.677,7.717,80.981,-94.35,1.235
673,A149,-95.331,486769,577657,214.306,7.703,80.654,-94.02,1.311
674,A150,-95.711,486512,595276,68.506,7.862,80.651,-94.35,1.361
675,A151,-95.723,477880,584552,101.897,7.765,80.573,-94.37,1.353
676,A152,-94.976,483577,563377,256.133,7.574,80.625,-93.72,1.256
677,A153,-95.76,467546,566029,68.933,7.598,80.48,-94.5,1.26
678,A154,-96.834,455663,553378,237.923,7.483,80.372,-94.88,1.954
679,A155,-96.176,448486,536704,-28.013,7.332,80.307,-95.05,1.126
680,A156,-96.744,438657,546955,-21.389,7.425,80.218,-95.55,1.194
681,A158,-96.138,463776,577120,20.964,7.698,80.445,-94.83,1.308
682,A159,-96.488,458730,592464,33.994,7.837,80.399,-95.18,1.308
683,A160,-96.423,463228,603993,35.026,7.941,80.44,-95.1,1.323
684,A161,-97.031,444554,610716,1.595,7.002,80.271,-95.2,1.831
685,A162,-97.105,441351,600905,-6.84,7.913,80.242,-95.75,1.355
686,A163,-96.998,444257,591185,-8.676,7.825,80.268,-95.64,1.358
687,A164,-97.564,419582,592895,-34.683,7.84,80.045,-96.32,1.244
688,A165,-97.43,427672,582966,-43.105,7.751,80.118,-96.08,1.35
689,A166,-97.017,440433,568280,-7.055,7.618,80.234,-95.61,1.407
690,A167,-97.162,432462,559581,-41.878,7.539,80.162,-95.84,1.322
691,A168,-97.385,425894,566358,-48.797,7.6,80.102,-96.09,1.295
692,A169,-98.226,410699,566448,-81.554,7.601,79.964,-96.54,1.686
693,A170,-97.947,409853,552613,-71.627,7.476,79.957,-96.57,1.377
694,A172,-97.911,413875,535765,-76.979,7.324,79.994,-96.48,1.431
695,A173,-98.36,399045,532985,-93.676,7.298,79.859,-97.08,1.28
696,A174,-98.401,395683,550944,-90.945,7.46,79.829,-97.05,1.351
697,A176,-98.047,406163,577145,-68.9,7.698,79.923,-96.68,1.367
698,A179,-97.76,410903,601968,-55.741,7.922,79.966,-96.49,1.27
699,A180,-97.998,403139,609992,-62.932,7.995,79.895,-96.58,1.418
700,A181,-98.437,389501,605410,-94.733,7.953,79.771,-97.01,1.427
701,A183,-98.605,385036,620503,-97.597,8.089,79.731,-97.15,1.455
702,A185,-97.924,399360,631263,-69.256,8.187,79.86,-96.52,1.404
703,A186,-97.834,409898,616686,-68.162,8.055,79.956,-96.45,1.384
704,A187,-97.46,426462,610815,-31.936,8.002,80.107,-96.14,1.32
705,A188,-97.48,426131,633328,-52.426,8.206,80.103,-96.12,1.36
706,A189,-97.148,436650,639014,-23.708,8.257,80.199,-95.82,1.328
707,A190,-96.996,436894,663787,-41.626,8.481,80.201,-95.72,1.276
708,A191,-96.759,449358,654290,-20.571,8.396,80.314,-95.48,1.279
709,A192,-97.196,459739,647789,-19.625,8.337,80.408,-95.26,1.936
710,A195,-96.571,460273,626840,9.486,8.148,80.413,-95.25,1.321
711,A196,-96.354,469854,640859,9.575,8.274,80.5,-95.03,1.324
712,A197,-96.109,478279,620082,91.879,8.086,80.577,-94.78,1.329
713,A198,-95.971,481686,611048,38.024,8.005,80.608,-94.63,1.341
714,A199,-95.705,495068,635513,42.571,8.226,80.729,-94.53,1.175
715,A200,-96.176,477291,652338,8.134,8.378,80.568,-94.85,1.326
716,A201,-96.271,471293,661162,-19.402,8.458,80.513,-94.98,1.291
717,A202,-96.314,468719,670793,-0.591,8.545,80.49,-95.02,1.294
718,A203,-95.898,490998,657717,29.145,8.427,80.692,-94.58,1.318
719,A204,-95.898,489144,670497,23.169,8.543,80.675,-94.6,1.298
720,A205,-95.91,488139,680962,16.941,8.637,80.666,-94.62,1.29
721,A206,-96.137,501212,708678,-49.174,8.888,80.785,-94.84,1.297
722,A207,-96.023,497489,701476,0.776,8.823,80.751,-94.72,1.303
723,A208,-96.23,499451,717626,-69.031,8.969,80.769,-95.05,1.18
724,A210,-95.682,505874,670705,-23.789,8.544,80.827,-94.44,1.242
725,A211,-95.63,509344,654485,-1.82,8.398,80.859,-94.35,1.28
726,A212,-95.583,512628,635243,-4.866,8.224,80.888,-94.36,1.223
727,A213,-95.01,533825,632242,-67.219,8.197,81.081,-94.41,0.6
728,A215,-95.643,552232,604617,-58.295,7.947,81.247,-94.36,1.283
729,A216,-95.735,538119,600312,-56.601,7.908,81.119,-94.47,1.265
730,A217,-95.773,526145,604072,-44.171,7.942,81.011,-94.5,1.273
731,A218,-95.659,532018,623741,-63.66,8.12,81.064,-94.46,1.199
732,A219,-95.667,513658,614986,2.016,8.041,80.898,-94.44,1.227
733,A220,-95.687,498657,615866,76.225,8.049,80.762,-94.44,1.247
734,A221,-95.562,510307,600093,11.448,7.906,80.867,-94.41,1.152
735,A222,-95.568,505657,588640,28.035,7.802,80.825,-94.27,1.298
736,A223,-95.387,506328,577167,30.529,7.699,80.831,-94.12,1.267
737,A224,-95.608,514678,594432,-23.723,7.855,80.907,-94.44,1.168
738,A225,-95.779,527604,590567,-42.624,7.82,81.024,-94.48,1.299
739,A226,-95.7,541546,586495,-21.934,7.783,81.15,-94.41,1.29
740,A227,-95.601,549931,572951,-17.28,7.66,81.226,-94.3,1.301
741,A240,-95.511,525432,650733,-49.147,8.364,81.005,-94.26,1.251
742,A241,-95.424,530318,659192,-68.616,8.44,81.049,-94.19,1.234
743,A244,-95.514,543304,673268,-79.576,8.567,81.167,-94.21,1.304
744,A251,-96.302,470051,694275,-2.695,8.757,80.502,-95.03,1.272
745,A252,-94.068,526582,478122,1854.454,6.803,81.014,-92.54,1.528
746,AA01,-98.174,400556,488048,-75.562,6.892,79.874,-97.19,0.984
747,AA02,-98.078,396262,613535,-96.262,8.026,79.833,-96.72,1.358
748,AA03,-96.596,459932,646895,-10.19,8.329,80.41,-95.26,1.336
749,AA05,-95.779,550180,673615,-87.374,8.571,81.23,-94.31,1.469
750,AA06,-95.678,524933,601271,-33.734,7.917,81,-94.5,1.178
751,AA07,-95.114,602052,579533,-86.852,7.719,81.699,-93.47,1.644
752,AA08,-96.843,561434,435029,-54.166,6.413,81.329,-95.58,1.263
753,AA09,-99.16,474633,384555,-91.139,5.957,80.545,-98.07,1.09
754,AA10,-94.687,485699,532111,439.476,7.291,80.644,-92.9,1.787
755,HBM2,-93.841,506536,471206,670.198,6.740405,80.832859,-92.56,1.281
756,HBM4,-93.921,506712,470663,565.135,6.7355,80.834452,-92.63,1.291
757,TBM03,-92.317,500010,497408,1870.224,6.977364,80.773825,-91.13,1.187
758,TBM05,-92.26,499812,498078,1956.008,6.983423,80.772035,-91.13,1.13
759,TBM06,-92.225,499685,498473,2016.576,6.98699,80.770884,-91.13,1.095
